feature,mean_abs_shap
T1,0.063680016
T4,0.055673845
T2,0.027797816
T3,0.015702866
