feature,importance
T1,0.35645577114929344
T2,0.3004192141744654
T3,0.17644492344266935
T4,0.16668009123357178
