feature,importance
T2,0.53026646
T4,0.20362559
T1,0.20033129
T3,0.0657767
