feature,coef_mean,coef_std
T3,-0.11715648691020793,0.02729330702216725
T2,-0.46532408038786865,0.06478218662890185
T4,-0.5324500038023048,0.059145922415971025
T1,-0.8949776604572207,0.014065238331733808
