term,coef_std,pval_HC3
const,0.4537711192904431,0.0
T1,-0.07253228093893854,1.6876750654054998e-92
T2,-0.019957983112803942,0.0010229990646519471
T3,-0.013001677737242891,0.0019762313541020152
T4,-0.05726977613688712,3.4269229095967346e-20
